monthly_sales,avg_order_value,inventory_turnover,return_rate,late_payments,business_age,digital_share,defaulted
519354,2792,7.0,0.199,0,10.3,0.31,0
543873,1262,1.66,0.086,0,9.8,0.73,0
460403,2355,5.58,0.16,0,0.6,0.59,0
244447,1490,5.2,0.198,0,7.3,0.31,0
353440,2547,1.03,0.035,1,5.1,0.61,0
132245,1540,3.21,0.069,0,1.2,0.79,0
350033,2083,1.47,0.019,1,2.9,0.92,0
438701,2127,3.94,0.148,0,8.2,0.43,0
60885,2179,6.31,0.043,0,1.6,0.2,0
231309,2790,2.32,0.135,4,9.3,0.5,0
459033,2223,7.93,0.015,2,11.7,0.64,0
65584,1363,2.31,0.249,1,7.1,0.18,0
507990,1557,1.07,0.158,2,4.9,0.21,0
299817,563,5.21,0.102,0,11.5,0.55,0
449852,1248,5.39,0.088,0,7.5,0.75,0
625838,1305,5.81,0.106,0,1.3,0.19,0
582244,1545,2.67,0.181,0,10.0,0.65,0
228955,781,1.88,0.128,1,7.5,0.21,0
258887,567,1.48,0.112,0,0.9,0.38,0
182970,877,3.54,0.224,4,8.0,0.72,0
192164,643,7.47,0.127,0,4.0,0.18,0
123468,2475,1.47,0.088,0,1.2,0.53,0
91624,1030,6.55,0.23,0,8.3,0.9,0
482416,623,7.04,0.15,1,4.8,0.63,0
129097,871,5.48,0.248,2,8.8,0.47,0
524991,2304,4.24,0.142,0,6.4,0.41,0
68373,1442,7.7,0.042,1,8.1,0.55,0
430824,1733,2.0,0.159,0,9.1,0.43,0
567516,1489,3.29,0.171,0,5.4,0.82,0
269593,2074,2.54,0.231,0,2.0,0.44,0
87543,762,7.65,0.08,0,5.6,0.38,0
479094,2066,5.38,0.131,0,10.1,0.97,0
123306,628,2.95,0.158,1,3.7,0.44,0
636437,578,5.49,0.11,0,9.3,0.37,0
94222,972,4.13,0.163,1,9.8,0.95,0
254024,2446,2.79,0.183,1,6.6,0.18,0
407534,2710,5.88,0.137,1,9.2,0.48,0
279800,857,3.87,0.225,0,5.6,0.31,0
52053,2043,4.85,0.168,0,9.9,0.43,0
259847,905,6.05,0.207,1,8.7,0.33,0
137109,1769,4.76,0.201,0,11.0,0.86,0
131793,652,4.09,0.144,1,6.1,0.17,0
112168,2256,6.6,0.056,0,9.5,0.27,0
586615,2622,6.88,0.177,3,6.1,0.94,0
277169,2299,4.69,0.083,1,7.8,0.58,0
632172,1550,3.18,0.105,2,10.8,0.32,0
616171,2647,2.91,0.132,0,1.7,0.15,0
609470,680,4.61,0.109,2,6.9,0.56,0
114101,2706,4.21,0.231,2,5.1,0.35,0
401181,2276,7.31,0.235,3,6.5,0.24,0
75843,1565,1.91,0.198,0,2.7,0.34,0
382727,1955,2.71,0.132,0,7.2,0.86,0
252333,2672,7.15,0.02,1,10.0,0.66,0
604944,1394,4.71,0.215,1,10.3,0.34,0
409480,1241,3.21,0.089,3,2.9,0.98,0
185438,1480,1.93,0.036,0,5.4,0.93,0
177124,1321,3.82,0.176,0,2.7,0.72,0
423875,972,5.93,0.164,0,12.0,0.84,0
550490,934,1.17,0.194,1,10.9,0.55,0
165530,1335,2.21,0.052,0,8.2,0.63,0
529516,817,6.35,0.092,0,6.4,0.51,0
58889,667,6.91,0.058,0,9.0,0.49,0
218095,888,4.59,0.019,2,9.7,0.73,0
469159,1282,4.53,0.246,2,3.4,0.91,0
212810,2161,1.93,0.093,0,4.7,0.51,0
261875,1257,1.49,0.095,0,0.5,0.45,0
96977,1450,2.91,0.241,0,2.9,0.49,0
125566,2095,4.6,0.132,0,1.8,0.48,0
165343,942,6.17,0.075,0,1.0,0.31,0
148231,1559,2.76,0.228,1,6.3,0.95,0
149479,2320,6.67,0.033,1,9.2,0.19,0
212700,2080,4.3,0.055,0,7.5,0.2,0
486139,1665,4.69,0.155,0,3.7,0.69,0
342301,1712,1.19,0.197,1,7.7,0.49,0
100355,1790,6.24,0.027,4,11.4,0.21,0
495379,2456,2.76,0.193,0,1.5,0.82,0
196377,1504,5.23,0.042,1,5.7,0.32,0
598752,1133,1.87,0.119,1,5.7,0.37,0
484910,1991,6.45,0.14,4,11.5,0.76,0
164399,2560,7.25,0.199,1,4.6,0.38,0
637330,1278,5.43,0.192,0,3.3,0.96,0
86427,748,1.07,0.076,0,0.8,0.33,0
135640,1158,4.85,0.163,0,6.0,0.32,0
184840,804,6.62,0.12,2,10.1,0.79,0
315608,2097,6.67,0.102,1,11.9,0.42,0
237798,2251,5.58,0.151,0,4.2,0.6,0
640557,2485,6.71,0.124,2,0.5,0.41,0
130678,1744,4.46,0.195,0,10.6,0.33,0
387953,2000,7.34,0.091,0,7.3,0.9,0
337764,2294,4.71,0.248,0,3.0,0.95,0
586239,1517,1.59,0.21,0,8.3,0.64,0
636192,2008,6.58,0.142,2,6.9,0.3,0
340126,591,2.55,0.029,0,3.8,0.17,0
488280,762,5.07,0.087,0,4.3,0.38,0
374050,846,1.18,0.169,0,9.9,0.5,0
557762,2636,3.37,0.123,0,9.8,0.43,0
556748,2700,6.63,0.032,1,0.9,0.78,0
411126,515,6.64,0.211,2,11.5,0.68,0
55641,950,3.95,0.114,0,9.0,0.97,0
220799,1814,2.43,0.115,0,11.6,0.2,0
165389,1743,5.54,0.197,0,1.1,0.53,0
83141,1780,1.76,0.058,0,3.1,0.75,0
279838,2310,2.29,0.081,0,9.2,0.41,0
622147,2463,6.97,0.129,0,11.5,0.7,0
141908,2476,7.04,0.109,0,2.0,0.81,0
585874,1624,6.51,0.029,3,10.7,0.88,0
516878,1509,5.99,0.157,0,2.2,0.42,0
586196,1037,5.46,0.248,0,6.6,0.28,0
46431,1336,6.75,0.214,2,1.4,0.37,0
146886,2466,5.86,0.034,1,6.7,0.57,1
241883,2207,2.35,0.175,1,5.5,0.18,0
563188,1145,7.63,0.242,0,5.1,0.61,0
115296,1973,1.52,0.048,1,8.2,0.77,0
172814,2323,1.09,0.104,1,3.2,0.62,0
55979,1346,7.31,0.051,1,11.3,0.77,0
456251,2775,5.67,0.075,0,8.9,0.42,0
635147,2424,6.07,0.093,2,1.5,0.27,0
232951,1236,2.35,0.024,0,8.6,0.23,0
175136,2276,3.85,0.032,3,5.4,0.57,0
200161,2080,4.38,0.232,1,8.8,0.66,0
301954,2670,1.13,0.093,0,7.9,0.24,0
579104,1862,6.52,0.209,1,2.2,0.79,0
619885,1458,3.47,0.133,0,8.7,0.97,0
251782,609,5.39,0.062,0,3.2,0.63,0
390175,875,7.5,0.1,0,1.8,0.96,0
641979,2725,4.82,0.03,2,2.4,0.77,0
395962,1096,1.86,0.209,0,10.8,0.35,0
218933,1260,5.18,0.206,0,5.1,0.8,0
189966,1760,6.29,0.214,2,7.5,0.68,0
211251,1317,3.88,0.023,0,1.8,0.49,0
182860,1579,2.71,0.234,0,9.5,0.75,0
467762,2537,5.2,0.125,0,7.6,0.72,0
340244,2489,7.22,0.124,2,8.4,0.83,0
165194,2654,3.31,0.137,0,0.7,0.9,0
499264,2042,5.18,0.192,0,7.3,0.21,0
513669,1492,4.52,0.108,0,8.5,0.59,0
366177,2120,7.58,0.222,4,8.9,0.87,0
617686,2226,4.95,0.054,1,5.3,0.25,0
589884,1032,1.87,0.141,3,0.4,0.35,0
385540,1204,1.44,0.225,2,5.0,0.45,0
93118,1754,1.22,0.226,0,6.2,0.93,0
540599,1345,2.42,0.217,1,1.1,0.41,0
540441,565,2.2,0.222,4,2.7,0.67,1
97431,934,3.14,0.207,3,3.6,0.5,0
396204,2323,3.91,0.055,2,1.8,0.72,0
291882,2553,5.65,0.201,0,8.1,0.88,0
285118,1732,7.27,0.057,0,1.9,0.7,0
124958,2303,7.42,0.032,2,0.5,0.64,0
489017,857,2.15,0.247,0,2.5,0.76,1
203096,637,5.35,0.23,1,0.4,0.89,1
112137,2777,6.44,0.229,0,6.0,0.18,0
590806,2677,2.22,0.198,0,7.5,0.35,0
313608,1466,2.82,0.143,2,7.4,0.37,0
100067,2336,7.11,0.057,0,0.6,0.56,0
508127,1577,7.0,0.022,0,2.5,0.68,0
294535,1098,1.38,0.115,1,9.9,0.76,0
567552,862,5.55,0.135,0,3.3,0.56,0
521614,750,3.21,0.125,1,8.6,0.94,0
186076,1092,6.21,0.138,4,0.4,0.49,0
140865,2109,4.89,0.126,3,11.7,0.71,0
286040,1711,2.77,0.145,0,5.8,0.92,0
398418,1394,1.28,0.11,1,1.1,0.43,0
230891,2394,7.02,0.235,0,4.8,0.19,0
303463,1252,6.55,0.204,0,5.0,0.64,0
540522,2331,4.43,0.162,0,6.1,0.6,0
94453,1632,3.54,0.08,0,2.5,0.37,0
273107,1600,1.72,0.028,1,9.4,0.26,0
170036,583,7.99,0.212,0,10.3,0.47,0
589525,724,3.12,0.158,0,2.6,0.58,0
263653,1779,3.87,0.127,1,6.4,0.6,0
518634,2044,2.03,0.063,0,8.7,0.49,0
417889,1425,1.72,0.102,1,2.0,0.85,0
551274,546,6.66,0.244,0,8.2,0.91,0
415538,1000,7.69,0.219,0,7.7,0.22,0
456502,2518,1.42,0.105,0,6.2,0.38,0
466999,1327,4.33,0.054,1,3.2,0.23,0
487818,1117,4.35,0.075,2,4.0,0.91,0
171186,1992,7.37,0.229,0,4.8,0.85,0
386344,1537,1.51,0.023,0,4.7,0.4,0
240039,2422,3.69,0.095,2,0.8,0.74,0
124202,695,5.35,0.112,0,3.6,0.84,0
445426,2076,1.27,0.047,0,4.0,0.45,0
202135,1288,2.89,0.076,0,6.4,0.92,0
48667,1480,4.83,0.215,1,1.3,0.83,0
394721,1581,3.43,0.223,0,8.7,0.73,0
246533,1159,2.12,0.161,0,6.9,0.46,0
604924,2541,2.66,0.074,0,2.5,0.58,0
111308,781,6.72,0.223,0,10.2,0.58,0
87334,1165,5.35,0.112,0,4.4,0.48,0
456330,1536,6.01,0.074,1,4.2,0.43,0
636114,1029,4.97,0.114,1,7.6,0.84,0
176302,1322,3.64,0.172,0,2.5,0.16,0
185245,1597,5.81,0.114,1,5.0,0.92,0
96066,1144,5.99,0.043,0,3.7,0.76,0
170981,2157,3.31,0.021,0,6.0,0.46,0
342515,1416,3.74,0.16,1,11.8,0.47,0
617468,1657,6.6,0.05,0,1.6,0.92,0
556985,2272,1.84,0.091,0,7.0,0.27,0
332324,1819,2.59,0.128,0,3.4,0.19,0
369365,821,1.03,0.094,0,9.6,0.97,0
78677,2198,3.46,0.147,1,2.9,0.66,0
309696,1635,2.32,0.083,0,9.7,0.62,0
94272,1220,7.0,0.237,0,8.2,0.37,0
627709,1769,1.44,0.124,2,1.1,0.45,0
322804,1503,6.55,0.188,0,9.7,0.84,0
150736,2474,3.82,0.181,0,11.0,0.17,0
283268,1825,3.72,0.102,1,9.8,0.45,0
416248,1778,2.95,0.228,0,1.5,0.43,0
266604,692,6.2,0.143,1,2.5,0.24,0
412355,1246,4.02,0.017,0,5.1,0.42,0
259629,585,7.16,0.09,1,1.7,0.97,0
275299,2545,3.86,0.181,0,3.6,0.71,0
382877,1251,6.44,0.138,0,8.9,0.7,0
102988,1369,5.32,0.096,0,8.7,0.5,0
164681,997,6.86,0.177,0,8.1,0.5,0
286200,2037,5.2,0.15,0,0.8,0.67,0
93402,723,7.52,0.051,0,11.9,0.76,0
536720,2759,3.81,0.219,0,11.9,0.56,0
194266,969,6.58,0.135,4,1.2,0.87,0
307889,2620,6.65,0.122,0,10.4,0.31,0
295118,801,1.75,0.119,1,10.6,0.21,0
103660,2749,7.81,0.03,3,9.8,0.3,0
407584,1399,6.84,0.043,0,4.9,0.85,0
557929,794,1.62,0.168,0,4.1,0.94,0
632170,2264,3.65,0.207,1,10.2,0.94,0
263712,1358,2.26,0.045,1,5.8,0.26,0
405721,1964,3.15,0.017,0,2.8,0.75,0
473093,1319,2.02,0.163,0,9.9,0.49,0
576089,1006,7.59,0.096,1,3.1,0.63,0
345406,820,5.74,0.122,3,4.9,0.77,0
515191,762,3.57,0.093,1,8.0,0.37,0
58305,1502,1.11,0.103,1,10.4,0.47,0
152026,927,4.82,0.038,2,1.4,0.45,0
405574,595,5.68,0.052,0,2.4,0.57,0
108867,1410,7.84,0.248,0,10.0,0.69,0
105291,772,8.0,0.169,1,11.2,0.58,0
566503,2015,6.81,0.136,0,9.6,0.15,0
310716,2440,6.43,0.043,0,0.6,0.86,0
70357,946,3.46,0.141,0,1.7,0.81,0
576961,1010,1.47,0.071,1,6.3,0.41,0